Ungrouped,Gnai3,,#ff4028
Ungrouped,Ngfr,,#ff6b97
Oligo,Wnt3,,#a3ff19
ExN,Ccnd2,,#ff4028
Astrocytes,Lhx2,,#ffd547
ExN,Lhx2,,#ffd547
Immune,Itgb2,,#a8efff
Vascular,Cdh1,,#ff4028
Astrocytes,Cdh4,,#a851ff
GABA,Cdh4,,#a851ff
Ungrouped,Plin2,,#ffd547
Oligo,Pdgfra,,#5eff7b
Vascular,Pdgfra,,#5eff7b
Immune,Pdgfb,,#f06cfe
Vascular,Pdgfb,,#f06cfe
Astrocytes,Sox9,,#ff4028
Ependymal,Sox9,,#ff4028
ExN,Sema4f,,#a8efff
GABA,Sema4f,,#a8efff
Ungrouped,Ddx3x,,#f06cfe
Astrocytes,S100a6,,#a8efff
Ungrouped,Icam2,,#f06cfe
ExN,Sema6b,,#ff9f5d
GABA,Efnb2,,#449fff
Astrocytes,Smo,,#ffd547
Immune,Smo,,#ffd547
Vascular,Smo,,#ffd547
Oligo,Plxnb3,,#a3ff19
Immune,Spi1,,#5eff7b
Immune,Tgfb1,,#a8efff
Ungrouped,Shh,,#ff6b97
GABA,Grin2d,,#ff6b97
GABA,Lamb1,,#ff6b97
Astrocytes,Cdkn1b,,#5eff7b
Oligo,Cdkn1b,,#5eff7b
Ungrouped,Efna2,,#ff6b97
Astrocytes,Grin2c,,#5eff7b
Ungrouped,Rnd1,,#449fff
GABA,Calb2,,#ffd547
Oligo,Efnb3,,#ffd547
Astrocytes,Grm3,,#a851ff
Oligo,Grm3,,#a851ff
GABA,Plxna3,,#5eff7b
Ungrouped,Pax2,,#a3ff19
ExN,Atp6v1f,,#a3ff19
GABA,Sst,,#ff6b97
Ungrouped,Map2k1,,#ffd547
Ungrouped,Cstb,,#ff4028
Oligo,Trp53,,#5eff7b
GABA,Slc1a6,,#ffd547
Astrocytes,Slc1a3,,#449fff
Oligo,Slc1a3,,#449fff
Vascular,Slc1a3,,#449fff
ExN,Stx1a,,#ff4028
GABA,Prkaca,,#a851ff
Astrocytes,Igf1r,,#a3ff19
Ependymal,Igf1r,,#a3ff19
Oligo,Igf1r,,#a3ff19
Vascular,Igf1r,,#a3ff19
GABA,Kit,,#ffd547
GABA,Pvalb,,#5eff7b
Astrocytes,Ephb3,,#ff4028
GABA,Crkl,,#5eff7b
Ungrouped,Atp6v1b1,,#5eff7b
Ungrouped,Epha2,,#ffd547
Ungrouped,Cdk4,,#a3ff19
ExN,Hcn1,,#ff9f5d
GABA,Hcn1,,#ff9f5d
Vascular,Ctnnb1,,#449fff
ExN,Clcn2,,#a8efff
Vascular,Clcn2,,#a8efff
Immune,Tgfbr1,,#5eff7b
Vascular,Tgfbr1,,#5eff7b
ExN,Gabrb2,,#5eff7b
GABA,Gabrb2,,#5eff7b
Vascular,Rhoa,,#ff6b97
Astrocytes,Id3,,#ff6b97
Vascular,Id3,,#ff6b97
Astrocytes,Bmp7,,#ff4028
Vascular,Bmp7,,#ff4028
Ungrouped,Ascl2,,#ffd547
Ungrouped,Wnt3a,,#ff4028
Oligo,Gosr1,,#449fff
Vascular,Bmp5,,#a3ff19
Ungrouped,Atp6v0d1,,#ffd547
Immune,Pten,,#f06cfe
Vascular,Pten,,#f06cfe
Ungrouped,Dll1,,#2828ff
GABA,Limk1,,#f06cfe
Ungrouped,Gzmb,,#2828ff
Astrocytes,Atp6v0e,,#a851ff
Oligo,Cers2,,#a851ff
Vascular,Cd34,,#ff4028
Ungrouped,Cd274,,#ff6b97
Astrocytes,Sdc4,,#ffd547
Ependymal,Sdc4,,#ffd547
Vascular,Sdc4,,#ffd547
Astrocytes,Rnd3,,#ffd547
GABA,Rnd3,,#ffd547
ExN,Cacnb1,,#5eff7b
Ungrouped,Rac3,,#ff4028
Immune,Mfng,,#a8efff
Ungrouped,Cldn7,,#a3ff19
Astrocytes,Pdlim4,,#2828ff
Ungrouped,Lhx1,,#449fff
GABA,Ap2b1,,#2828ff
GABA,Ndel1,,#5eff7b
Ungrouped,Cd22,,#2828ff
ExN,Mdh2,,#f06cfe
ExN,Atp6v1e1,,#ff9f5d
Ungrouped,Cd70,,#ffd547
Astrocytes,Sema6a,,#2828ff
GABA,Sema6a,,#2828ff
Oligo,Sema6a,,#2828ff
Vascular,Sema6a,,#2828ff
GABA,Vip,,#a851ff
Astrocytes,Nr2e1,,#2828ff
GABA,Nr2e1,,#2828ff
Astrocytes,Fabp7,,#a3ff19
Oligo,Fabp7,,#a3ff19
GABA,Slc17a8,,#a8efff
GABA,Stx7,,#ff6b97
Immune,Stx7,,#ff6b97
Astrocytes,Ntn4,,#a851ff
GABA,Ntn4,,#a851ff
Immune,Vsir,,#f06cfe
GABA,Srgap1,,#ff4028
Oligo,Srgap1,,#ff4028
Astrocytes,Egfr,,#a851ff
GABA,Egfr,,#a851ff
Vascular,Egfr,,#a851ff
Oligo,Mdm2,,#ff6b97
Ungrouped,Madcam1,,#a3ff19
ExN,Adcy1,,#a8efff
Astrocytes,Efemp1,,#a8efff
Vascular,Efemp1,,#a8efff
Immune,Rock2,,#ff9f5d
Ungrouped,Sdc1,,#a3ff19
ExN,Adcy3,,#5eff7b
GABA,Adcy3,,#5eff7b
GABA,Dnajc27,,#ffd547
Ungrouped,Pomc,,#ffd547
Astrocytes,Ddx5,,#5eff7b
Ependymal,Ddx5,,#5eff7b
Immune,Ddx5,,#5eff7b
Vascular,Ddx5,,#5eff7b
ExN,Vamp2,,#ff6b97
Oligo,Ntn1,,#449fff
Vascular,Ntn1,,#449fff
GABA,Gosr2,,#ffd547
ExN,Foxg1,,#ff4028
ExN,Atp6v1d,,#2828ff
Ungrouped,Fos,,#ff9f5d
GABA,Gng4,,#ffd547
Astrocytes,Id4,,#2828ff
Ependymal,Id4,,#2828ff
Astrocytes,Ripk1,,#ff4028
Oligo,Ripk1,,#ff4028
Astrocytes,Cxcl14,,#ff9f5d
GABA,Cxcl14,,#ff9f5d
Astrocytes,Adcy2,,#f06cfe
ExN,Adcy2,,#f06cfe
Ungrouped,Slc6a3,,#2828ff
Astrocytes,Fezf2,,#449fff
ExN,Fezf2,,#449fff
Ungrouped,Ccdc25,,#ffd547
Astrocytes,Clu,,#ff4028
Ependymal,Clu,,#ff4028
Ungrouped,Chrna2,,#449fff
Oligo,Dpysl2,,#ff6b97
Astrocytes,Sdc2,,#ff4028
Ependymal,Sdc2,,#ff4028
Vascular,Sdc2,,#ff4028
Ungrouped,Atp6v1c1,,#ff6b97
Ungrouped,Rbx1,,#ff4028
Oligo,Slc38a2,,#a3ff19
Vascular,Slc38a2,,#a3ff19
Astrocytes,Bcl6,,#ff6b97
Ungrouped,Cldn1,,#f06cfe
Astrocytes,Hes1,,#ff4028
Vascular,Hes1,,#ff4028
Astrocytes,Alcam,,#449fff
GABA,Alcam,,#449fff
Vascular,Alcam,,#449fff
Astrocytes,Nectin3,,#ff4028
Ungrouped,Snap29,,#a8efff
Astrocytes,Pak2,,#a3ff19
Immune,Pak2,,#a3ff19
Oligo,Pak2,,#a3ff19
Astrocytes,Gsk3b,,#5eff7b
GABA,Gsk3b,,#5eff7b
Vascular,Gsk3b,,#5eff7b
Astrocytes,Klhl24,,#a8efff
GABA,Klhl24,,#a8efff
Ungrouped,Clic6,,#2828ff
ExN,Nr4a1,,#a3ff19
Ungrouped,Sncg,,#f06cfe
ExN,Grm2,,#ffd547
Oligo,Gabrr2,,#ffd547
Ungrouped,Cd4,,#a851ff
GABA,Dlx2,,#a3ff19
Ungrouped,Gnb3,,#2828ff
Immune,Trem2,,#a8efff
GABA,Ntn3,,#ffd547
ExN,Atp6v0c,,#449fff
Vascular,Atp6v0c,,#449fff
Astrocytes,Cdh2,,#449fff
ExN,Cdh2,,#449fff
Immune,Bin1,,#ff4028
Oligo,Bin1,,#ff4028
GABA,Gnal,,#449fff
GABA,Lmnb1,,#ff9f5d
Astrocytes,Pdgfrb,,#ff6b97
Vascular,Pdgfrb,,#ff6b97
Immune,Csf1r,,#ff9f5d
Immune,Gnaq,,#a851ff
Ungrouped,Fas,,#ffd547
Ungrouped,Grk2,,#a3ff19
GABA,Apba1,,#ff4028
Oligo,Apba1,,#ff4028
ExN,Slc1a1,,#a3ff19
ExN,Bhlhe22,,#a3ff19
Astrocytes,Itgb8,,#ff6b97
Ependymal,Itgb8,,#ff6b97
Oligo,Itgb8,,#ff6b97
GABA,Tac2,,#5eff7b
ExN,Nrp1,,#f06cfe
Immune,Nrp1,,#f06cfe
ExN,Cplx2,,#449fff
Astrocytes,Prex2,,#449fff
Vascular,Prex2,,#449fff
Ungrouped,Hspd1,,#449fff
Ungrouped,Cd28,,#a3ff19
GABA,Trak2,,#a851ff
ExN,Epha4,,#a8efff
Astrocytes,Ngef,,#5eff7b
ExN,Ngef,,#5eff7b
Ungrouped,Pdcd1,,#ffd547
Oligo,Stx6,,#5eff7b
Ungrouped,Rgs16,,#5eff7b
ExN,Parp1,,#2828ff
ExN,Plxna2,,#f06cfe
GABA,Plxna2,,#f06cfe
ExN,Rgs4,,#a8efff
Immune,Mrc1,,#a3ff19
Ependymal,Vim,,#ffd547
Vascular,Vim,,#ffd547
ExN,Itga8,,#ff9f5d
GABA,Gad2,,#a8efff
ExN,Nr4a2,,#ff4028
Oligo,Gsn,,#ff6b97
Ungrouped,Chrna1,,#ff4028
ExN,Stmn2,,#a3ff19
GABA,Stmn2,,#a3ff19
ExN,Src,,#a3ff19
Ungrouped,Ccna2,,#ff9f5d
GABA,Trpc3,,#ff9f5d
ExN,Trpc4,,#a3ff19
GABA,Trpc4,,#a3ff19
Ungrouped,P2ry1,,#f06cfe
Ungrouped,Nras,,#ffd547
Ungrouped,Cd2,,#ffd547
Ungrouped,Sec22b,,#a851ff
GABA,Chrnb2,,#a851ff
Ungrouped,Efna1,,#5eff7b
Astrocytes,Vcam1,,#a3ff19
Vascular,Vcam1,,#a3ff19
Ungrouped,Neurog2,,#ff6b97
ExN,Npy2r,,#ff6b97
ExN,Efna3,,#2828ff
Ungrouped,Efna4,,#ff9f5d
Oligo,Arhgef2,,#5eff7b
ExN,Calb1,,#449fff
Ungrouped,Gabrr1,,#449fff
Astrocytes,Bmpr1b,,#449fff
Ungrouped,Ppp3r2,,#ff4028
ExN,Nr4a3,,#449fff
ExN,Unc13a,,#a851ff
GABA,Unc13a,,#a851ff
Vascular,Cdc42,,#a3ff19
Ungrouped,Epha8,,#2828ff
Astrocytes,Alpl,,#f06cfe
Vascular,Alpl,,#f06cfe
Ungrouped,Gnat3,,#f06cfe
Vascular,Sema3c,,#5eff7b
ExN,Stmn1,,#ff9f5d
GABA,Grik3,,#ffd547
GABA,Sema3a,,#a8efff
Vascular,Sema3a,,#a8efff
GABA,Casp9,,#449fff
Ungrouped,Vamp3,,#2828ff
Oligo,Cdk5,,#ff4028
Ungrouped,Draxin,,#2828ff
Oligo,Sema3d,,#ff6b97
Vascular,Sema3d,,#ff6b97
GABA,Gabrd,,#2828ff
Ungrouped,Gnb1,,#5eff7b
ExN,Crmp1,,#ff6b97
GABA,Crmp1,,#ff6b97
Astrocytes,Gabrg1,,#a3ff19
GABA,Gabrg1,,#a3ff19
ExN,Gabra4,,#a851ff
Astrocytes,Gabrb1,,#f06cfe
ExN,Gabrb1,,#f06cfe
Astrocytes,Sparcl1,,#f06cfe
Vascular,Sparcl1,,#f06cfe
Ungrouped,Stx2,,#ffd547
Ungrouped,Lhx5,,#a851ff
Oligo,Gng11,,#ff6b97
Vascular,Gng11,,#ff6b97
Ungrouped,Gngt1,,#a3ff19
Immune,Cul1,,#ffd547
Ungrouped,Evx1,,#2828ff
GABA,Npy,,#5eff7b
Immune,Hpgds,,#a3ff19
Astrocytes,Aldh1l1,,#ffd547
Ungrouped,Slc6a12,,#a3ff19
Ungrouped,Lrp6,,#f06cfe
GABA,Kras,,#f06cfe
Astrocytes,Slc6a11,,#ff9f5d
Astrocytes,Slc6a1,,#5eff7b
GABA,Slc6a1,,#5eff7b
Ungrouped,Vamp1,,#5eff7b
Astrocytes,Cd9,,#ff6b97
Ependymal,Cd9,,#ff6b97
Immune,Cd9,,#ff6b97
Oligo,Cd9,,#ff6b97
ExN,Slc17a6,,#ffd547
Astrocytes,Sema4b,,#449fff
GABA,Sema4b,,#449fff
Oligo,Pak1,,#ff9f5d
Ungrouped,Bax,,#a8efff
Immune,Rgs10,,#f06cfe
Ungrouped,Mki67,,#f06cfe
Ungrouped,Fadd,,#ff4028
GABA,Fgf13,,#a851ff
Immune,Fgf13,,#a851ff
GABA,Dcx,,#a8efff
Ungrouped,Map3k15,,#a8efff
GABA,Acsl1,,#ffd547
Oligo,Acsl1,,#ffd547
Astrocytes,Sall1,,#5eff7b
Immune,Sall1,,#5eff7b
Oligo,Sall1,,#5eff7b
Astrocytes,Gnao1,,#ffd547
Oligo,Gnao1,,#ffd547
ExN,Cx3cl1,,#5eff7b
Vascular,Cdh5,,#a8efff
Ungrouped,Cdh15,,#5eff7b
GABA,Arv1,,#ff4028
Oligo,Jam3,,#449fff
Oligo,Nectin1,,#ff9f5d
Oligo,Dixdc1,,#a851ff
Ungrouped,Eomes,,#ff9f5d
ExN,Clstn2,,#ff9f5d
Ungrouped,Pik3cb,,#449fff
Ungrouped,Cldn18,,#5eff7b
Astrocytes,Ephb1,,#ff9f5d
Oligo,Ephb1,,#ff9f5d
Astrocytes,Ryk,,#a851ff
Ungrouped,Pak7,,#a851ff
Ungrouped,Atp6v1g1,,#ff4028
Oligo,Olig2,,#449fff
Oligo,Cspg4,,#a3ff19
Vascular,Cspg4,,#a3ff19
Ungrouped,Vhl,,#449fff
Ungrouped,Parp2,,#ff9f5d
Ependymal,Foxj1,,#449fff
ExN,Gria1,,#ff6b97
GABA,Gria1,,#ff6b97
Ungrouped,Atp6v0b,,#ff4028
Astrocytes,S100b,,#f06cfe
Ependymal,S100b,,#f06cfe
Oligo,S100b,,#f06cfe
Ependymal,Atp1a1,,#f06cfe
ExN,Atp1a1,,#f06cfe
Astrocytes,Efhd2,,#f06cfe
Ungrouped,Gbx2,,#2828ff
GABA,Kcnt1,,#a3ff19
ExN,Nrn1,,#a8efff
Oligo,Atp6v0a2,,#a3ff19
GABA,Ssh2,,#f06cfe
Immune,Ssh2,,#f06cfe
Oligo,Ssh2,,#f06cfe
Astrocytes,Ptprm,,#a851ff
Ependymal,Ptprm,,#a851ff
GABA,Ptprm,,#a851ff
Immune,Ptprm,,#a851ff
Vascular,Ptprm,,#a851ff
GABA,Ssh3,,#5eff7b
Astrocytes,Btg1,,#a8efff
GABA,Mboat7,,#ff4028
Astrocytes,Kcna2,,#f06cfe
GABA,Kcna2,,#f06cfe
Ungrouped,Cd6,,#a8efff
GABA,Cacng5,,#ff9f5d
Astrocytes,Gjb6,,#449fff
Vascular,Gjb6,,#449fff
ExN,Ntrk3,,#5eff7b
GABA,Ntrk3,,#5eff7b
Ungrouped,Acta2,,#a851ff
ExN,Gabrb3,,#ff6b97
GABA,Chd6,,#ff6b97
Oligo,Chd6,,#ff6b97
GABA,Cd276,,#2828ff
Astrocytes,Ccdc88a,,#a8efff
GABA,Ccdc88a,,#a8efff
Oligo,Ccdc88a,,#a8efff
ExN,Trpc5,,#ff4028
GABA,Trpc5,,#ff4028
GABA,Cep44,,#449fff
ExN,Atp6v0e2,,#a8efff
GABA,Kctd7,,#449fff
Immune,P2ry13,,#ff6b97
ExN,Neurod1,,#a8efff
Ungrouped,Gng10,,#5eff7b
ExN,Neurod2,,#f06cfe
Ungrouped,Psen1,,#ffd547
GABA,Dicer1,,#ff4028
Oligo,Dicer1,,#ff4028
Astrocytes,Smim3,,#449fff
Ungrouped,Fbxo45,,#ff9f5d
ExN,Slitrk5,,#2828ff
ExN,Camk4,,#2828ff
Oligo,Kcnj2,,#a851ff
Ungrouped,Sema7a,,#449fff
Astrocytes,Thrsp,,#ff6b97
Astrocytes,Gng12,,#2828ff
Oligo,Gng12,,#2828ff
Ungrouped,Rac2,,#a3ff19
Ungrouped,Pvr,,#ff6b97
Vascular,Cldn5,,#2828ff
Ungrouped,Pla2g4c,,#f06cfe
GABA,Zyg11b,,#ff9f5d
Immune,F11r,,#ff9f5d
Vascular,F11r,,#ff9f5d
Ungrouped,Rras,,#a3ff19
GABA,Itga9,,#a3ff19
Immune,Itga9,,#a3ff19
Oligo,Itga9,,#a3ff19
Ungrouped,Igfbpl1,,#449fff
ExN,Grm1,,#449fff
GABA,Grm1,,#449fff
Astrocytes,Cdk19,,#a8efff
Immune,Cdk19,,#a8efff
Oligo,Cdk19,,#a8efff
ExN,Atp6v0a1,,#ff9f5d
GABA,Atp6v0a1,,#ff9f5d
ExN,Neurod6,,#5eff7b
ExN,Gls2,,#f06cfe
GABA,Gls2,,#f06cfe
Ungrouped,Cplx3,,#ffd547
Ungrouped,Grin3b,,#ff9f5d
Astrocytes,Tgfb2,,#f06cfe
Vascular,Tgfb2,,#f06cfe
Ungrouped,Socs7,,#ff6b97
GABA,Slc32a1,,#ff6b97
ExN,Wnt4,,#449fff
Astrocytes,Sfxn5,,#a851ff
Ependymal,Sfxn5,,#a851ff
GABA,Sfxn5,,#a851ff
Ungrouped,Emx1,,#5eff7b
ExN,Astn1,,#a851ff
GABA,Astn1,,#a851ff
ExN,Mpped1,,#ff6b97
GABA,Mpped1,,#ff6b97
Oligo,Cldn11,,#ffd547
Immune,C1qa,,#5eff7b
Ungrouped,Lrig2,,#a851ff
Immune,C1qc,,#2828ff
Immune,C1qb,,#ff6b97
Astrocytes,Arx,,#449fff
GABA,Arx,,#449fff
GABA,Cplx1,,#ff4028
Astrocytes,Igfbp2,,#ff4028
Vascular,Igfbp2,,#ff4028
Astrocytes,Cldn10,,#449fff
Astrocytes,Atp1b2,,#2828ff
Ungrouped,Fbxo2,,#a8efff
Astrocytes,Coro2b,,#a3ff19
GABA,Coro2b,,#a3ff19
Ungrouped,Rhod,,#ff9f5d
Ungrouped,Hoxa9,,#2828ff
GABA,Fbxo38,,#2828ff
ExN,Tbr1,,#a3ff19
Astrocytes,Ptprf,,#449fff
Ependymal,Ptprf,,#449fff
GABA,Ptprf,,#449fff
Astrocytes,Lrp1,,#a8efff
Immune,Lrp1,,#a8efff
Ungrouped,Itpr3,,#a3ff19
Astrocytes,Kank1,,#a8efff
Oligo,Kank1,,#a8efff
Astrocytes,Hes5,,#449fff
Ungrouped,Cldn8,,#ff4028
ExN,Myt1l,,#a851ff
GABA,Myt1l,,#a851ff
Immune,Gpr183,,#5eff7b
ExN,Trpc6,,#449fff
GABA,Trpc6,,#449fff
Astrocytes,Sema5b,,#ff6b97
Oligo,Sema5b,,#ff6b97
Oligo,Cldn14,,#a851ff
ExN,Wdr47,,#2828ff
Astrocytes,Akt2,,#ff4028
GABA,Fbxo28,,#5eff7b
Astrocytes,Chd7,,#2828ff
Immune,Chd7,,#2828ff
Oligo,Chd7,,#2828ff
Vascular,Rbp1,,#a3ff19
Ungrouped,Pard6b,,#5eff7b
Ungrouped,Cxcr4,,#a3ff19
GABA,Dlx5,,#ff4028
Ungrouped,Efnb1,,#ff4028
Astrocytes,Axin2,,#ffd547
Astrocytes,Nipbl,,#ff9f5d
Ependymal,Nipbl,,#ff9f5d
Immune,Nipbl,,#ff9f5d
Oligo,Nipbl,,#ff9f5d
Vascular,Nipbl,,#ff9f5d
ExN,Cdk5r1,,#449fff
ExN,Frrs1l,,#ffd547
Astrocytes,Stxbp6,,#a8efff
Oligo,Stxbp6,,#a8efff
ExN,Grin2b,,#f06cfe
GABA,Ndnf,,#ff6b97
Vascular,Ndnf,,#ff6b97
Ungrouped,Gpr151,,#f06cfe
Ungrouped,Vtcn1,,#ff6b97
Astrocytes,Pou3f3,,#a8efff
Oligo,Pou3f3,,#a8efff
Ungrouped,Cldn2,,#5eff7b
Vascular,Fn1,,#ff6b97
Ungrouped,Stx19,,#ffd547
Astrocytes,Gnai2,,#a3ff19
Ependymal,Gnai2,,#a3ff19
Immune,Gnai2,,#a3ff19
Vascular,Gnai2,,#a3ff19
Ungrouped,Ccr2,,#449fff
GABA,Gabra3,,#ffd547
ExN,Eef1a2,,#a851ff
GABA,Nlgn2,,#449fff
ExN,Bmerb1,,#2828ff
GABA,Bmerb1,,#2828ff
Oligo,Olig1,,#ff4028
GABA,Cnr1,,#449fff
Oligo,Rnf7,,#a8efff
GABA,Lamp5,,#2828ff
Ungrouped,Mapk3,,#5eff7b
Oligo,C1ql1,,#ff9f5d
Astrocytes,Sall3,,#ff6b97
Immune,Sall3,,#ff6b97
Ungrouped,Mcm2,,#ffd547
Oligo,Lrrc4b,,#2828ff
Ependymal,Cd24a,,#ff9f5d
Ungrouped,Tuba1c,,#f06cfe
ExN,Fbxo31,,#ff6b97
GABA,Lrrc4c,,#ff9f5d
Oligo,Lrrc4c,,#ff9f5d
ExN,Ephb2,,#a3ff19
GABA,Prkca,,#f06cfe
Immune,Prkca,,#f06cfe
GABA,Nxph1,,#ff9f5d
Oligo,Nxph1,,#ff9f5d
GABA,Cntnap2,,#ff6b97
Oligo,Rtn4,,#ffd547
Astrocytes,Ccdc80,,#a851ff
Astrocytes,Ephb4,,#449fff
Vascular,Ephb4,,#449fff
Ungrouped,Crh,,#a8efff
ExN,C1ql3,,#a3ff19
Ungrouped,Kcng4,,#a3ff19
GABA,Ptgs1,,#5eff7b
Immune,Ptgs1,,#5eff7b
GABA,Lrrc4,,#ff6b97
Ungrouped,Rasd1,,#f06cfe
Astrocytes,Cdh20,,#ff6b97
Oligo,Cdh20,,#ff6b97
Ungrouped,Cenpe,,#a3ff19
Astrocytes,Agt,,#ff9f5d
GABA,Wnt5a,,#ffd547
Vascular,Wnt5a,,#ffd547
Ungrouped,Cdkn2c,,#ff6b97
Immune,Pld4,,#449fff
Ungrouped,Sp8,,#a851ff
Oligo,Gpr17,,#a8efff
ExN,Syt1,,#ffd547
GABA,Syt1,,#ffd547
Immune,Cx3cr1,,#ff6b97
ExN,Epha3,,#a851ff
GABA,Epha3,,#a851ff
Oligo,Dlg1,,#a8efff
GABA,Lnpk,,#ff4028
Vascular,Slc6a13,,#ff4028
Astrocytes,Nfib,,#a8efff
Ependymal,Nfib,,#a8efff
Ungrouped,Gabre,,#ff9f5d
Immune,Itgam,,#449fff
ExN,Junb,,#a851ff
ExN,Prkcb,,#5eff7b
Astrocytes,Grk3,,#ff4028
GABA,Grk3,,#ff4028
Ungrouped,Cd8b1,,#5eff7b
GABA,Btrc,,#f06cfe
ExN,Bcl11b,,#2828ff
GABA,Smad1,,#a3ff19
Ungrouped,Cd8a,,#f06cfe
ExN,Chl1,,#ff9f5d
GABA,Chl1,,#ff9f5d
ExN,Kcnj3,,#a8efff
Ungrouped,Chrna4,,#ffd547
Oligo,Sox4,,#a3ff19
Oligo,Rhob,,#2828ff
Astrocytes,Gfap,,#ff4028
Oligo,Sema5a,,#5eff7b
Oligo,Ncam2,,#f06cfe
Ungrouped,Cdh24,,#2828ff
Immune,Tmem119,,#a3ff19
Ungrouped,Hmgb2,,#ffd547
GABA,Rock1,,#2828ff
ExN,Set,,#ffd547
Ungrouped,Top2a,,#ffd547
Astrocytes,Ccdc88c,,#f06cfe
Ependymal,Ccdc88c,,#f06cfe
ExN,Gabra5,,#a8efff
Astrocytes,Neo1,,#ffd547
Oligo,Neo1,,#ffd547
Oligo,Mpzl1,,#ff9f5d
ExN,Epha6,,#5eff7b
GABA,Epha6,,#5eff7b
GABA,Epm2a,,#a851ff
ExN,Mapk1,,#f06cfe
Astrocytes,Tead1,,#449fff
Ependymal,Tead1,,#449fff
ExN,Rras2,,#ff4028
ExN,Syp,,#449fff
Ependymal,Ocln,,#a3ff19
ExN,Ocln,,#a3ff19
Vascular,Ocln,,#a3ff19
ExN,Slit3,,#a851ff
ExN,Slitrk4,,#ff6b97
GABA,Slitrk4,,#ff6b97
Ungrouped,Chat,,#f06cfe
ExN,Ppp3ca,,#ff6b97
Immune,Pla2g4a,,#a851ff
Oligo,Pla2g4a,,#a851ff
Vascular,Pla2g4a,,#a851ff
GABA,Pard6g,,#ff6b97
Vascular,Pard6g,,#ff6b97
ExN,Kcnq3,,#ff9f5d
Oligo,Kcnq3,,#ff9f5d
GABA,Synpr,,#ff4028
Oligo,Synpr,,#ff4028
Ungrouped,Sdc3,,#449fff
ExN,Gabrg2,,#ff4028
GABA,Gabrg2,,#ff4028
GABA,Alg13,,#a8efff
ExN,Tubb3,,#2828ff
GABA,Tubb3,,#2828ff
Astrocytes,Nf1,,#2828ff
GABA,Nf1,,#2828ff
Immune,Nf1,,#2828ff
Oligo,Nf1,,#2828ff
ExN,Nptx2,,#f06cfe
Astrocytes,Camk2g,,#ff6b97
GABA,Camk2g,,#ff6b97
Ungrouped,Hpcal1,,#ff9f5d
Astrocytes,Plxnb1,,#2828ff
Oligo,Plxnb1,,#2828ff
Ungrouped,Ccnb1,,#a3ff19
Ungrouped,Dnajc5,,#449fff
GABA,Dnm2,,#a8efff
Immune,Dnm2,,#a8efff
ExN,Ndrg4,,#2828ff
Ungrouped,Epha1,,#449fff
Oligo,Syt9,,#f06cfe
Ungrouped,Cd40,,#449fff
ExN,Fxyd7,,#5eff7b
ExN,Sema3e,,#2828ff
Astrocytes,Negr1,,#449fff
GABA,Negr1,,#449fff
GABA,Gnai1,,#ff9f5d
Oligo,Gnai1,,#ff9f5d
ExN,Kcnh7,,#449fff
GABA,Kcnh7,,#449fff
Astrocytes,Ntm,,#ff4028
GABA,Ntm,,#ff4028
ExN,Stx3,,#a851ff
GABA,Stx3,,#a851ff
Immune,Abl1,,#ff4028
Oligo,Abl1,,#ff4028
GABA,Drd2,,#a3ff19
Ungrouped,Rnf2,,#a851ff
ExN,Gria3,,#ff9f5d
GABA,Gria3,,#ff9f5d
Astrocytes,Fbxw11,,#ff4028
Astrocytes,Grin3a,,#2828ff
GABA,Grin3a,,#2828ff
Oligo,Grin3a,,#2828ff
GABA,Efna5,,#a3ff19
Astrocytes,Map2,,#449fff
GABA,Map2,,#449fff
ExN,Stxbp1,,#a851ff
GABA,Stxbp1,,#a851ff
ExN,Tuba1b,,#a8efff
Vascular,Tuba1b,,#a8efff
GABA,Unc5b,,#ff4028
Oligo,Unc5b,,#ff4028
Astrocytes,Pou3f4,,#f06cfe
ExN,Cacna2d1,,#a8efff
ExN,Dnm1,,#a851ff
Ungrouped,Slitrk6,,#ff9f5d
ExN,Kl,,#a851ff
ExN,Sox11,,#ffd547
GABA,Sox11,,#ffd547
ExN,Tuba4a,,#ff6b97
Astrocytes,Itpr2,,#ff9f5d
Immune,Itpr2,,#ff9f5d
Oligo,Itpr2,,#ff9f5d
Vascular,Itpr2,,#ff9f5d
Astrocytes,Etv5,,#ff6b97
Immune,Etv5,,#ff6b97
Ungrouped,En1,,#2828ff
ExN,Unc13b,,#a8efff
GABA,Cd99l2,,#f06cfe
GABA,Epb41l3,,#ff4028
Oligo,Epb41l3,,#ff4028
Astrocytes,Slc1a2,,#ff4028
Ungrouped,Sema3f,,#ff9f5d
Ungrouped,Cdh3,,#ffd547
ExN,Atp1a3,,#ff6b97
GABA,Atp1a3,,#ff6b97
ExN,Epha7,,#ff6b97
Immune,Plcg2,,#a3ff19
ExN,Kcnd2,,#ff9f5d
GABA,P2rx4,,#a8efff
Oligo,P2rx4,,#a8efff
Astrocytes,Dio2,,#449fff
Astrocytes,Crip2,,#f06cfe
Vascular,Crip2,,#f06cfe
ExN,Slc17a7,,#a851ff
Astrocytes,Atp1a2,,#5eff7b
Vascular,Atp1a2,,#5eff7b
GABA,Dnm3,,#f06cfe
Oligo,Dnm3,,#f06cfe
Astrocytes,Glul,,#5eff7b
Oligo,Glul,,#5eff7b
Vascular,Glul,,#5eff7b
Immune,Icam1,,#a8efff
Oligo,Cntn2,,#a851ff
Ungrouped,Pax3,,#ff4028
Ungrouped,Foxd3,,#a3ff19
Immune,Creb1,,#a851ff
Vascular,Bmpr2,,#ffd547
ExN,Gda,,#ff9f5d
Vascular,Col3a1,,#ff9f5d
GABA,Stx16,,#a3ff19
Ungrouped,Tuba3a,,#5eff7b
Astrocytes,Srgap3,,#ffd547
GABA,Srgap3,,#ffd547
Ependymal,Slc38a1,,#ff9f5d
GABA,Slc38a1,,#ff9f5d
GABA,Arfgef1,,#a8efff
GABA,Cntn4,,#a8efff
Oligo,Cntn4,,#a8efff
GABA,Cntn6,,#f06cfe
Oligo,Cntn6,,#f06cfe
Ungrouped,Insm1,,#5eff7b
Immune,Sun2,,#5eff7b
Immune,Cd86,,#a8efff
Vascular,Itgb1,,#a851ff
ExN,Ap2m1,,#ff9f5d
Ungrouped,Sema3g,,#a3ff19
Ungrouped,March6,,#ff9f5d
GABA,Syt6,,#a8efff
GABA,Sp9,,#a8efff
GABA,Sema6c,,#a3ff19
Vascular,Nes,,#a851ff
Astrocytes,Nr2f1,,#ff9f5d
GABA,Nr2f1,,#ff9f5d
Vascular,Ptprb,,#ff9f5d
GABA,Kcnc2,,#2828ff
Oligo,Gng7,,#a8efff
ExN,Rspo3,,#449fff
ExN,Camkk1,,#ff9f5d
Astrocytes,Adgrg1,,#2828ff
Immune,Adgrg1,,#2828ff
Ungrouped,Cldn3,,#ff6b97
Oligo,Nfasc,,#ff9f5d
Ungrouped,Pla2g4d,,#5eff7b
Ungrouped,Cldn19,,#ff6b97
GABA,Gad1,,#a851ff
ExN,Etv1,,#f06cfe
Immune,Map3k5,,#a851ff
ExN,Kcnj6,,#f06cfe
Ungrouped,Tigit,,#ff9f5d
ExN,Gng3,,#449fff
GABA,Skp2,,#ff9f5d
Astrocytes,Apcdd1,,#449fff
Vascular,Apcdd1,,#449fff
ExN,Tuba1a,,#a851ff
Vascular,Tuba1a,,#a851ff
ExN,Tbc1d24,,#ff9f5d
GABA,Tbc1d24,,#ff9f5d
GABA,Srgap2,,#449fff
Immune,Srgap2,,#449fff
Vascular,Srgap2,,#449fff
GABA,Hdac4,,#a3ff19
Oligo,Asxl3,,#a8efff
ExN,Hras,,#ff4028
ExN,Homer2,,#f06cfe
GABA,Homer2,,#f06cfe
Immune,Ankrd11,,#5eff7b
GABA,Tet2,,#a851ff
Astrocytes,Lef1,,#a3ff19
Vascular,Lef1,,#a3ff19
Astrocytes,Sox2,,#ff9f5d
Ependymal,Sox2,,#ff9f5d
GABA,Sox2,,#ff9f5d
Oligo,Sox2,,#ff9f5d
Ependymal,Ablim1,,#449fff
GABA,Ablim1,,#449fff
GABA,Plxnc1,,#ff4028
ExN,Pak6,,#ffd547
GABA,Pak6,,#ffd547
ExN,Itga4,,#ff6b97
ExN,Sptan1,,#2828ff
GABA,Sptan1,,#2828ff
ExN,Prkcg,,#ff6b97
ExN,Slitrk1,,#a8efff
Ungrouped,Rac1,,#ff9f5d
Oligo,Bmp4,,#ff9f5d
Vascular,Bmp4,,#ff9f5d
GABA,Mecp2,,#ff9f5d
GABA,Ptpn11,,#2828ff
Oligo,Ptpn11,,#2828ff
Astrocytes,Limk2,,#5eff7b
GABA,Limk2,,#5eff7b
Astrocytes,Aldoc,,#a851ff
Ungrouped,Prkacb,,#a8efff
Ungrouped,Sema3b,,#f06cfe
ExN,Rasgrp1,,#ff6b97
Astrocytes,Meis2,,#ff4028
Oligo,Meis2,,#ff4028
Oligo,Mog,,#5eff7b
Astrocytes,Nfe2l2,,#ffd547
Immune,Nfe2l2,,#ffd547
Vascular,Nfe2l2,,#ffd547
ExN,Homer1,,#a8efff
ExN,Sqstm1,,#ff9f5d
ExN,Gap43,,#5eff7b
GABA,Gap43,,#5eff7b
Ungrouped,Icos,,#5eff7b
ExN,Ptprd,,#ff4028
Oligo,Ptprd,,#ff4028
ExN,Ntng2,,#f06cfe
ExN,Ppp3r1,,#a3ff19
ExN,Camk2a,,#a8efff
Ungrouped,Pdpk1,,#ff9f5d
ExN,Cacna1b,,#449fff
GABA,Cacna1b,,#449fff
ExN,Rbfox3,,#ff9f5d
Immune,Pecam1,,#a3ff19
Vascular,Pecam1,,#a3ff19
ExN,Nsf,,#a3ff19
ExN,Cntnap1,,#5eff7b
GABA,Cntnap1,,#5eff7b
Ungrouped,Smarce1,,#ff4028
GABA,Epb41l1,,#a3ff19
Oligo,Prkcz,,#2828ff
Astrocytes,Kcnip3,,#ffd547
Astrocytes,Sema6d,,#ff4028
Ependymal,Sema6d,,#ff4028
GABA,Sema6d,,#ff4028
Oligo,Sema6d,,#ff4028
GABA,Slc35f1,,#2828ff
Oligo,Slc35f1,,#2828ff
GABA,Grik2,,#449fff
Oligo,Grik2,,#449fff
GABA,Oprm1,,#a851ff
Vascular,Notum,,#a8efff
GABA,Unc5c,,#449fff
Oligo,Unc5c,,#449fff
ExN,Stx1b,,#449fff
Astrocytes,Camk2d,,#5eff7b
GABA,Camk2d,,#5eff7b
Immune,Camk2d,,#5eff7b
Vascular,Camk2d,,#5eff7b
GABA,Elavl4,,#f06cfe
Astrocytes,Lrp8,,#5eff7b
GABA,Lrp8,,#5eff7b
ExN,Dab1,,#449fff
Ependymal,Folr1,,#2828ff
Astrocytes,Nfia,,#a851ff
Ependymal,Nfia,,#a851ff
Immune,Nfia,,#a851ff
Oligo,Nfia,,#a851ff
Vascular,Nfia,,#a851ff
Astrocytes,Jun,,#ffd547
GABA,Plaa,,#ff6b97
GABA,Elavl2,,#a8efff
Astrocytes,Idh2,,#ff9f5d
Ependymal,Idh2,,#ff9f5d
GABA,Idh2,,#ff9f5d
Astrocytes,Mfge8,,#a851ff
Vascular,Mfge8,,#a851ff
Astrocytes,Rgs3,,#a851ff
Oligo,Rgs3,,#a851ff
Vascular,Rgs3,,#a851ff
Oligo,Lpar1,,#ffd547
Vascular,Lpar1,,#ffd547
ExN,Fbxw7,,#a3ff19
Immune,Gngt2,,#ff4028
Ungrouped,Stx17,,#ff4028
Ependymal,Spop,,#ff6b97
ExN,Gria2,,#2828ff
ExN,Gabbr2,,#a3ff19
GABA,Gabbr2,,#a3ff19
Ungrouped,Clta,,#a3ff19
Vascular,Trim25,,#f06cfe
Astrocytes,Msi2,,#ff4028
Ependymal,Msi2,,#ff4028
GABA,Msi2,,#ff4028
Vascular,Msi2,,#ff4028
ExN,Shank1,,#a8efff
GABA,Shank1,,#a8efff
Ungrouped,Wdr62,,#ff9f5d
GABA,Pik3ca,,#ff4028
Oligo,Pik3ca,,#ff4028
Astrocytes,Wwp1,,#a8efff
GABA,Wwp1,,#a8efff
Oligo,Wwp1,,#a8efff
Ependymal,Mecom,,#2828ff
Vascular,Mecom,,#2828ff
Ungrouped,Pak4,,#449fff
ExN,Nlgn1,,#ff4028
GABA,Nectin2,,#a3ff19
ExN,Dlg4,,#5eff7b
Vascular,Gabarap,,#2828ff
Oligo,Llgl1,,#ff6b97
GABA,Slc2a13,,#a8efff
Astrocytes,Nfatc3,,#ff4028
GABA,Nfatc3,,#ff4028
Oligo,Nfatc3,,#ff4028
ExN,Shank3,,#5eff7b
GABA,Shank3,,#5eff7b
GABA,Plcg1,,#ff9f5d
ExN,Snhg11,,#5eff7b
GABA,Snhg11,,#5eff7b
Astrocytes,Vcan,,#ff4028
GABA,Vcan,,#ff4028
Oligo,Vcan,,#ff4028
Ungrouped,Rasa1,,#a8efff
Astrocytes,Nfix,,#f06cfe
Oligo,Nfix,,#f06cfe
ExN,Camk2b,,#f06cfe
ExN,Unc5a,,#a3ff19
Immune,Sema4d,,#a851ff
Oligo,Sema4d,,#a851ff
ExN,Calm1,,#a851ff
Vascular,Calm1,,#a851ff
ExN,Rab3a,,#2828ff
Astrocytes,Plcb1,,#2828ff
ExN,Plcb1,,#2828ff
GABA,Plcb1,,#2828ff
Astrocytes,Homer3,,#5eff7b
GABA,Fbxo8,,#f06cfe
GABA,Bcl2l11,,#5eff7b
Immune,Bcl2l11,,#5eff7b
Ungrouped,Gmnn,,#2828ff
Astrocytes,Gphn,,#a851ff
GABA,Gphn,,#a851ff
Oligo,Gphn,,#a851ff
Astrocytes,Gli3,,#a851ff
Ependymal,Gli3,,#a851ff
Vascular,Gli3,,#a851ff
GABA,Snap23,,#a851ff
ExN,Sun1,,#f06cfe
ExN,Arhgef7,,#ff6b97
GABA,Arhgef7,,#ff6b97
Astrocytes,Ntsr2,,#ff6b97
Astrocytes,Pax6,,#449fff
Ungrouped,Cldn15,,#a8efff
ExN,Cadm3,,#ff4028
Astrocytes,Tnfrsf19,,#449fff
Astrocytes,Mdk,,#5eff7b
Immune,Ptprj,,#ffd547
Astrocytes,Tcf7l2,,#ff4028
Ependymal,Tcf7l2,,#ff4028
Immune,Tcf7l2,,#ff4028
Oligo,Tcf7l2,,#ff4028
Vascular,Tcf7l2,,#ff4028
GABA,Cux2,,#f06cfe
Oligo,Cux2,,#f06cfe
GABA,Mapk8,,#ff6b97
Ependymal,Cobll1,,#2828ff
Oligo,Cobll1,,#2828ff
Vascular,Cobll1,,#2828ff
ExN,Tanc1,,#2828ff
Ungrouped,Pdcd1lg2,,#a851ff
Ependymal,Huwe1,,#a851ff
GABA,Huwe1,,#a851ff
Astrocytes,Slc25a18,,#5eff7b
Ependymal,Slc25a18,,#5eff7b
Astrocytes,Bcl2,,#f06cfe
GABA,Bcl2,,#f06cfe
Vascular,Cxcl12,,#2828ff
GABA,Lhx6,,#a8efff
GABA,Dab2ip,,#ffd547
Oligo,Plp1,,#a851ff
Vascular,Plp1,,#a851ff
ExN,Epha5,,#f06cfe
GABA,Epha5,,#f06cfe
Ungrouped,Bad,,#a851ff
Oligo,Prickle2,,#ffd547
Astrocytes,Hopx,,#ff6b97
Astrocytes,Nrxn2,,#2828ff
GABA,Nrxn2,,#2828ff
Ungrouped,Itgb2l,,#f06cfe
ExN,Tiam1,,#2828ff
GABA,Tiam1,,#2828ff
GABA,Stx18,,#449fff
ExN,Nrp2,,#5eff7b
Astrocytes,Jam2,,#ff4028
Immune,Jam2,,#ff4028
Oligo,Jam2,,#ff4028
Vascular,Jam2,,#ff4028
GABA,Flna,,#5eff7b
ExN,Grin1,,#a851ff
GABA,Grin1,,#a851ff
ExN,L1cam,,#5eff7b
GABA,L1cam,,#5eff7b
ExN,Gls,,#a8efff
Astrocytes,Cadm1,,#a3ff19
GABA,Cadm1,,#a3ff19
Astrocytes,Boc,,#a851ff
Vascular,Boc,,#a851ff
ExN,Atp6v1a,,#f06cfe
Astrocytes,Zbtb20,,#5eff7b
Ependymal,Zbtb20,,#5eff7b
Oligo,Zbtb20,,#5eff7b
Vascular,Zbtb20,,#5eff7b
Ungrouped,Il1r1,,#a851ff
Ungrouped,Igsf1,,#ffd547
Oligo,Dcc,,#a851ff
ExN,Robo3,,#ff6b97
ExN,Tenm1,,#ffd547
GABA,Tenm1,,#ffd547
ExN,Plxna4,,#ff6b97
Ungrouped,Cldn16,,#f06cfe
ExN,Syn1,,#2828ff
GABA,Syn1,,#2828ff
ExN,Dync1i1,,#449fff
GABA,Dync1i1,,#449fff
Ungrouped,Arid1b,,#a3ff19
ExN,Cfl1,,#a8efff
Vascular,Cfl1,,#a8efff
Astrocytes,Fgfr1,,#a8efff
Ependymal,Fgfr1,,#a8efff
ExN,Robo2,,#5eff7b
GABA,Robo2,,#5eff7b
Immune,Numb,,#2828ff
Ungrouped,Best1,,#ff9f5d
ExN,Rapgef2,,#ffd547
Astrocytes,Nlgn3,,#ffd547
GABA,Wnt5b,,#a851ff
GABA,Grm4,,#a8efff
Vascular,Gng5,,#a851ff
Ungrouped,Itgal,,#ff4028
Astrocytes,Csf1,,#2828ff
Oligo,Csf1,,#2828ff
Astrocytes,Disc1,,#ffd547
Immune,Disc1,,#ffd547
Ungrouped,Cdk1,,#ff9f5d
Astrocytes,Dyrk1a,,#ffd547
Astrocytes,Il33,,#a8efff
Oligo,Il33,,#a8efff
ExN,Kcnt2,,#ff4028
GABA,Kcnt2,,#ff4028
GABA,Depdc5,,#2828ff
GABA,Erbb4,,#a8efff
Oligo,Erbb4,,#a8efff
GABA,Syt2,,#a851ff
GABA,Prlr,,#a3ff19
ExN,Dsp,,#ff4028
ExN,Grm5,,#f06cfe
GABA,Grm5,,#f06cfe
Astrocytes,Itga6,,#2828ff
Immune,Itga6,,#2828ff
Vascular,Itga6,,#2828ff
Ungrouped,Cacna1f,,#a851ff
Ungrouped,Stx8,,#2828ff
GABA,Psen2,,#a851ff
Astrocytes,Itgav,,#ffd547
Immune,Itgav,,#ffd547
Oligo,Itgav,,#ffd547
ExN,Fzd3,,#ff6b97
Astrocytes,Etv4,,#5eff7b
Oligo,Etv4,,#5eff7b
Oligo,Mbp,,#449fff
ExN,Ntng1,,#a8efff
Ungrouped,Trp73,,#ff6b97
Ungrouped,Pla2g4b,,#a8efff
Ungrouped,Vamp4,,#ff9f5d
Ungrouped,Lmna,,#2828ff
Astrocytes,Ubc,,#ff9f5d
Ungrouped,Hmgn2,,#a851ff
GABA,Scrib,,#ff9f5d
Oligo,Scrib,,#ff9f5d
Astrocytes,Rgma,,#ffd547
Oligo,Rgma,,#ffd547
ExN,Nos1,,#a851ff
GABA,Nos1,,#a851ff
Ependymal,Plxnb2,,#ff9f5d
Immune,Plxnb2,,#ff9f5d
Astrocytes,Syne2,,#a3ff19
Ependymal,Syne2,,#a3ff19
Oligo,Syne2,,#a3ff19
Vascular,Syne2,,#a3ff19
ExN,Gnb2,,#ff6b97
GABA,Cenpa,,#ff9f5d
GABA,Diablo,,#a3ff19
ExN,Kcnma1,,#ff6b97
Ependymal,Shank2,,#f06cfe
ExN,Shank2,,#f06cfe
ExN,Dlgap1,,#ff6b97
GABA,Dlgap1,,#ff6b97
Astrocytes,Slc4a4,,#f06cfe
Vascular,Slc4a4,,#f06cfe
Immune,Pld1,,#ff4028
Oligo,Pld1,,#ff4028
Vascular,Pld1,,#ff4028
ExN,Kcnq2,,#2828ff
ExN,Dlg3,,#f06cfe
ExN,Kcnh1,,#ff4028
GABA,Kcnh1,,#ff4028
ExN,Fam163b,,#449fff
GABA,Rasgrf2,,#5eff7b
Immune,Laptm5,,#ff9f5d
Oligo,Stx4a,,#a8efff
GABA,Dlx1,,#ff9f5d
Astrocytes,Htra1,,#ffd547
Ungrouped,Pafah1b1,,#2828ff
GABA,Gnb4,,#ff9f5d
Oligo,Gnb4,,#ff9f5d
Oligo,Cask,,#a3ff19
Astrocytes,Ttc28,,#ffd547
Ependymal,Ttc28,,#ffd547
GABA,Ttc28,,#ffd547
Immune,Ttc28,,#ffd547
Vascular,Ttc28,,#ffd547
Oligo,Zfp609,,#ff6b97
GABA,Apaf1,,#a3ff19
GABA,Ssh1,,#a8efff
GABA,Gng2,,#ff4028
Immune,Gng2,,#ff4028
Astrocytes,Pard3,,#a8efff
Oligo,Pard3,,#a8efff
Vascular,Pard3,,#a8efff
ExN,Cdk5r2,,#ffd547
GABA,Kcnc1,,#ff6b97
GABA,Reln,,#449fff
ExN,Cycs,,#ff4028
ExN,Ppp3cb,,#2828ff
Ungrouped,Myc,,#ffd547
ExN,Lhfpl4,,#ff4028
GABA,Lhfpl4,,#ff4028
Astrocytes,Zmiz1,,#2828ff
Immune,Zmiz1,,#2828ff
Oligo,Zmiz1,,#2828ff
Astrocytes,Cul3,,#a851ff
GABA,Nrxn3,,#ff9f5d
Ungrouped,Plxna1,,#a8efff
GABA,Gria4,,#a3ff19
Oligo,Gria4,,#a3ff19
Ungrouped,Stx11,,#ff9f5d
ExN,Pde2a,,#a8efff
GABA,Mest,,#449fff
Astrocytes,Ccdc141,,#5eff7b
Ependymal,Ccdc141,,#5eff7b
Vascular,Ccdc141,,#5eff7b
Astrocytes,Omg,,#ffd547
Oligo,Omg,,#ffd547
GABA,Rara,,#a851ff
ExN,Rims1,,#a3ff19
GABA,Rims1,,#a3ff19
Immune,Cdk6,,#a851ff
Ungrouped,Slc6a2,,#ff6b97
Astrocytes,Arhgef12,,#ff9f5d
GABA,Arhgef12,,#ff9f5d
Vascular,Arhgef12,,#ff9f5d
ExN,Cers1,,#ffd547
Astrocytes,Sema4a,,#ff4028
Oligo,Mast3,,#a3ff19
Astrocytes,Slitrk2,,#f06cfe
Ungrouped,Cul5,,#a8efff
ExN,Rbfox2,,#2828ff
GABA,Rbfox2,,#2828ff
Ungrouped,Ap2a1,,#ff6b97
GABA,Fubp1,,#a851ff
Oligo,Vldlr,,#a8efff
Ungrouped,Ephb6,,#ffd547
Ungrouped,Tnf,,#ff4028
GABA,Unc5d,,#ffd547
Ungrouped,Arhgap32,,#f06cfe
Ungrouped,Glg1,,#ffd547
ExN,Slit1,,#449fff
ExN,Cntn1,,#ffd547
Oligo,Insc,,#f06cfe
GABA,Chd2,,#5eff7b
Immune,Chd2,,#5eff7b
Ungrouped,Vsx2,,#5eff7b
Vascular,Gata2,,#ff6b97
Ungrouped,Adcy4,,#ff6b97
Immune,P2ry12,,#5eff7b
ExN,Celf2,,#2828ff
GABA,Cacna2d2,,#f06cfe
Immune,Nfatc2,,#a3ff19
ExN,Mdga1,,#a851ff
Ungrouped,Cenpf,,#ff4028
ExN,Gng13,,#ff9f5d
Ungrouped,Nfatc4,,#449fff
GABA,Chrm2,,#a3ff19
GABA,Pak3,,#ff4028
Immune,Aif1,,#a3ff19
Ungrouped,Mex3a,,#ffd547
Astrocytes,Gabbr1,,#ff9f5d
Ependymal,Slit2,,#ffd547
ExN,Slit2,,#ffd547
GABA,Slit2,,#ffd547
Astrocytes,Nrxn1,,#ff6b97
GABA,Nrxn1,,#ff6b97
Ungrouped,Dhx16,,#ff9f5d
Astrocytes,Apoe,,#ffd547
Ependymal,Apoe,,#ffd547
Vascular,Apoe,,#ffd547
Astrocytes,Emx2,,#ff6b97
Ungrouped,Six3,,#2828ff
Oligo,Prox1,,#449fff
GABA,Stx5a,,#f06cfe
ExN,Satb2,,#2828ff
Immune,Pik3cd,,#ffd547
Astrocytes,Pou3f2,,#a851ff
Ungrouped,Nkx2-1,,#a3ff19
ExN,Cacnb4,,#2828ff
GABA,Cacnb4,,#2828ff
Ungrouped,Mapk8ip3,,#2828ff
GABA,Lmnb2,,#a3ff19
GABA,Sema4g,,#f06cfe
Astrocytes,Sox1,,#2828ff
GABA,Sox1,,#2828ff
Immune,Ptprc,,#a3ff19
Ungrouped,Lockd,,#449fff
Ependymal,Unc13c,,#f06cfe
Oligo,Unc13c,,#f06cfe
GABA,Prkn,,#ff9f5d
Oligo,Prkn,,#ff9f5d
ExN,Cacna1c,,#ffd547
GABA,Cacna1c,,#ffd547
Oligo,Mag,,#ff4028
Astrocytes,Mthfs,,#449fff
GABA,Mthfs,,#449fff
Immune,Mthfs,,#449fff
Oligo,Mthfs,,#449fff
GABA,Trpc1,,#2828ff
Ungrouped,Slc18a3,,#f06cfe
Astrocytes,Ptch1,,#a8efff
Oligo,Ptch1,,#a8efff
ExN,Slitrk3,,#5eff7b
GABA,Atp6v1h,,#449fff
ExN,Cacnb2,,#ff6b97
Astrocytes,Ncam1,,#a8efff
Oligo,Ncam1,,#a8efff
Astrocytes,Slc38a3,,#ff4028
Ependymal,Slc38a3,,#ff4028
Vascular,Slc38a3,,#ff4028
Oligo,Sema4c,,#ffd547
Ungrouped,Nhlh2,,#2828ff
Astrocytes,Prom1,,#ff4028
Oligo,Prom1,,#ff4028
Vascular,Prom1,,#ff4028
GABA,Sv2a,,#ff6b97
GABA,Mef2c,,#a3ff19
Immune,Mef2c,,#a3ff19
ExN,Gabra2,,#449fff
ExN,Arhgef9,,#2828ff
Ungrouped,Stap1,,#2828ff
GABA,Srsf11,,#a851ff
ExN,Cdkl5,,#f06cfe
GABA,Cdkl5,,#f06cfe
ExN,Grin2a,,#a8efff
Astrocytes,Fgfr3,,#f06cfe
ExN,Slc12a5,,#449fff
GABA,Slc12a5,,#449fff
Astrocytes,Ptprz1,,#f06cfe
Ependymal,Ptprz1,,#f06cfe
GABA,Ptprz1,,#f06cfe
Oligo,Ptprz1,,#f06cfe
ExN,Itpr1,,#2828ff
Vascular,Itpr1,,#2828ff
ExN,Pparg,,#5eff7b
GABA,Pparg,,#5eff7b
GABA,Raf1,,#449fff
ExN,Syn2,,#ff9f5d
GABA,Syn2,,#ff9f5d
ExN,Gabra1,,#ff4028
GABA,Gabra1,,#ff4028
Ungrouped,Gng8,,#f06cfe
Astrocytes,Dock7,,#5eff7b
GABA,Dock7,,#5eff7b
Astrocytes,Fxyd1,,#a8efff
ExN,Kcnb1,,#5eff7b
Ungrouped,Deaf1,,#ff6b97
GABA,Casp3,,#ff4028
Ungrouped,Pard6a,,#f06cfe
Ependymal,Ccdc153,,#ff6b97
Ungrouped,Cdc37,,#ff9f5d
ExN,Cck,,#2828ff
ExN,Gnb5,,#a3ff19
GABA,Gnb5,,#a3ff19
Astrocytes,Fat3,,#a851ff
ExN,Fat3,,#a851ff
GABA,Fxyd6,,#f06cfe
ExN,Tafa2,,#ff6b97
GABA,Tafa2,,#ff6b97
Ungrouped,Gdf7,,#a3ff19
Astrocytes,Nrcam,,#a851ff
ExN,Nrcam,,#a851ff
GABA,Drd1,,#ff9f5d
ExN,Ptprs,,#a8efff
GABA,Ptprs,,#a8efff
GABA,Pnoc,,#449fff
Ungrouped,Glycam1,,#ff6b97
GABA,Grik1,,#ff4028
Oligo,Grik1,,#ff4028
ExN,Cdh9,,#f06cfe
GABA,Cdh9,,#f06cfe
GABA,Ppp3cc,,#ff9f5d
Ungrouped,Itgb7,,#5eff7b
Oligo,Sox10,,#449fff
GABA,Xrcc6,,#f06cfe
Oligo,Xrcc6,,#f06cfe
Immune,Cd80,,#a851ff
GABA,Robo1,,#f06cfe
GABA,Fgf12,,#ffd547
Ungrouped,Cldn6,,#ff9f5d
ExN,Kcnk4,,#5eff7b
Ungrouped,Cd226,,#5eff7b
Ungrouped,Gal,,#f06cfe
Ependymal,Gnas,,#a8efff
GABA,Gnas,,#a8efff
Vascular,Gnas,,#a8efff
ExN,Cacna1a,,#ff4028
GABA,Cacna1a,,#ff4028
Ungrouped,Slc1a7,,#a851ff
Ungrouped,Mpz,,#2828ff
Astrocytes,Aqp4,,#a851ff
Ependymal,Aqp4,,#a851ff
ExN,Mdh1,,#a8efff
Oligo,Ptk2,,#ff6b97
Blanks,Blank-1,,#449fff
Blanks,Blank-2,,#ffd547
Blanks,Blank-3,,#a851ff
Blanks,Blank-4,,#a8efff
Blanks,Blank-5,,#f06cfe
Blanks,Blank-6,,#5eff7b
Blanks,Blank-7,,#ff6b97
Blanks,Blank-8,,#2828ff
Blanks,Blank-9,,#ff9f5d
Blanks,Blank-10,,#a3ff19
Blanks,Blank-11,,#ff4028
Blanks,Blank-12,,#449fff
Blanks,Blank-13,,#ffd547
Blanks,Blank-14,,#a851ff
Blanks,Blank-15,,#a8efff
Blanks,Blank-16,,#f06cfe
Blanks,Blank-17,,#5eff7b
Blanks,Blank-18,,#ff6b97
Blanks,Blank-19,,#2828ff
Blanks,Blank-20,,#ff9f5d
Blanks,Blank-21,,#a3ff19
Blanks,Blank-22,,#ff4028
Blanks,Blank-23,,#449fff
Blanks,Blank-24,,#ffd547
Blanks,Blank-25,,#a851ff
Blanks,Blank-26,,#a8efff
Blanks,Blank-27,,#f06cfe
Blanks,Blank-28,,#5eff7b
Blanks,Blank-29,,#ff6b97
Blanks,Blank-30,,#2828ff
Blanks,Blank-31,,#ff9f5d
Blanks,Blank-32,,#a3ff19
Blanks,Blank-33,,#ff4028
Blanks,Blank-34,,#449fff
Blanks,Blank-35,,#ffd547
Blanks,Blank-36,,#a851ff
Blanks,Blank-37,,#a8efff
Blanks,Blank-38,,#f06cfe
Blanks,Blank-39,,#5eff7b
Blanks,Blank-40,,#ff6b97
